{
    "loss": 0.2477797269821167,
    "accuracy": 0.8938618898391724
}