{
    "loss": 0.9615104794502258,
    "accuracy": 0.8765984773635864
}